Bölge,Şehir
Akdeniz,Adana
Akdeniz, Antalya
Akdeniz, Burdur
Akdeniz, Hatay
Akdeniz, Isparta
Akdeniz,  Kahramanmaraş
Akdeniz, Mersin
Akdeniz, Osmaniye
Doğu Anadolu,Ağrı
Doğu Anadolu, Ardahan
Doğu Anadolu, Bingöl
Doğu Anadolu, Bitlis
Doğu Anadolu, Elazığ
Doğu Anadolu, Erzincan
Doğu Anadolu, Erzurum
Doğu Anadolu, Hakkari
Doğu Anadolu, Iğdır
Doğu Anadolu, Kars
Doğu Anadolu, Malatya
Doğu Anadolu, Muş
Doğu Anadolu, Tunceli
Doğu Anadolu, Van
Ege,Afyonkarahisar
Ege, Aydın
Ege, Denizli
Ege, İzmir
Ege, Kütahya
Ege, Manisa
Ege, Muğla
Ege, Uşak
Güneydoğu Anadolu,Adıyaman
Güneydoğu Anadolu, Batman
Güneydoğu Anadolu, Diyarbakır
Güneydoğu Anadolu, Gaziantep
Güneydoğu Anadolu, Mardin
Güneydoğu Anadolu, Siirt
Güneydoğu Anadolu, Şanlıurfa
Güneydoğu Anadolu, Şırnak
Güneydoğu Anadolu, Kilis
İç Anadolu,Aksaray
İç Anadolu, Ankara
İç Anadolu, Çankırı
İç Anadolu, Eskişehir
İç Anadolu, Karaman
İç Anadolu, Kayseri
İç Anadolu, Kırıkkale
İç Anadolu, Kırşehir
İç Anadolu, Konya
İç Anadolu, Nevşehir
İç Anadolu, Niğde
İç Anadolu, Sivas
İç Anadolu, Yozgat
Marmara,Balıkesir
Marmara, Bilecik
Marmara, Bursa
Marmara, Çanakkale
Marmara, Edirne
Marmara, İstanbul
Marmara, Kırklareli
Marmara, Kocaeli
Marmara, Sakarya
Marmara, Tekirdağ
Marmara, Yalova
Karadeniz,Amasya
Karadeniz, Artvin
Karadeniz, Bartın
Karadeniz, Bayburt
Karadeniz, Bolu
Karadeniz, Çorum
Karadeniz, Düzce
Karadeniz, Giresun
Karadeniz, Gümüşhane
Karadeniz, Karabük
Karadeniz, Kastamonu
Karadeniz, Ordu
Karadeniz, Rize
Karadeniz, Samsun
Karadeniz, Sinop
Karadeniz, Tokat
Karadeniz, Trabzon
Karadeniz, Zonguldak
